ID,Name,Email,Phone
1001,User1,user1@example.com,9876543000
1002,User2,user2@example.com,9876543000
1003,User3,user3@example.com,9876543000
1004,User4,user4@example.com,9876543000
1005,User5,user5@example.com,9876543000
1006,User6,user6@example.com,9876543000
1007,User7,user7@example.com,9876543000
1008,User8,user8@example.com,9876543000
1009,User9,user9@example.com,9876543000
1010,User10,user10@example.com,9876543001
1011,User11,user11@example.com,9876543001
1012,User12,user12@example.com,9876543001
1013,User13,user13@example.com,9876543001
1014,User14,user14@example.com,9876543001
1015,User15,user15@example.com,9876543001
1016,User16,user16@example.com,9876543001
1017,User17,user17@example.com,9876543001
1018,User18,user18@example.com,9876543001
1019,User19,user19@example.com,9876543001
1020,User20,user20@example.com,9876543002
1021,User21,user21@example.com,9876543002
1022,User22,user22@example.com,9876543002
1023,User23,user23@example.com,9876543002
1024,User24,user24@example.com,9876543002
1025,User25,user25@example.com,9876543002
1026,User26,user26@example.com,9876543002
1027,User27,user27@example.com,9876543002
1028,User28,user28@example.com,9876543002
1029,User29,user29@example.com,9876543002
1030,User30,user30@example.com,9876543003
1031,User31,user31@example.com,9876543003
1032,User32,user32@example.com,9876543003
1033,User33,user33@example.com,9876543003
1034,User34,user34@example.com,9876543003
1035,User35,user35@example.com,9876543003
1036,User36,user36@example.com,9876543003
1037,User37,user37@example.com,9876543003
1038,User38,user38@example.com,9876543003
1039,User39,user39@example.com,9876543003
1040,User40,user40@example.com,9876543004
1041,User41,user41@example.com,9876543004
1042,User42,user42@example.com,9876543004
1043,User43,user43@example.com,9876543004
1044,User44,user44@example.com,9876543004
1045,User45,user45@example.com,9876543004
1046,User46,user46@example.com,9876543004
1047,User47,user47@example.com,9876543004
1048,User48,user48@example.com,9876543004
1049,User49,user49@example.com,9876543004
1050,User50,user50@example.com,9876543005
1051,User51,user51@example.com,9876543005
1052,User52,user52@example.com,9876543005
1053,User53,user53@example.com,9876543005
1054,User54,user54@example.com,9876543005
1055,User55,user55@example.com,9876543005
1056,User56,user56@example.com,9876543005
1057,User57,user57@example.com,9876543005
1058,User58,user58@example.com,9876543005
1059,User59,user59@example.com,9876543005
1060,User60,user60@example.com,9876543006
1061,User61,user61@example.com,9876543006
1062,User62,user62@example.com,9876543006
1063,User63,user63@example.com,9876543006
1064,User64,user64@example.com,9876543006
1065,User65,user65@example.com,9876543006
1066,User66,user66@example.com,9876543006
1067,User67,user67@example.com,9876543006
1068,User68,user68@example.com,9876543006
1069,User69,user69@example.com,9876543006
1070,User70,user70@example.com,9876543007
1071,User71,user71@example.com,9876543007
1072,User72,user72@example.com,9876543007
1073,User73,user73@example.com,9876543007
1074,User74,user74@example.com,9876543007
1075,User75,user75@example.com,9876543007
1076,User76,user76@example.com,9876543007
1077,User77,user77@example.com,9876543007
1078,User78,user78@example.com,9876543007
1079,User79,user79@example.com,9876543007
1080,User80,user80@example.com,9876543008
1081,User81,user81@example.com,9876543008
1082,User82,user82@example.com,9876543008
1083,User83,user83@example.com,9876543008
1084,User84,user84@example.com,9876543008
1085,User85,user85@example.com,9876543008
1086,User86,user86@example.com,9876543008
1087,User87,user87@example.com,9876543008
1088,User88,user88@example.com,9876543008
1089,User89,user89@example.com,9876543008
1090,User90,user90@example.com,9876543009
1091,User91,user91@example.com,9876543009
1092,User92,user92@example.com,9876543009
1093,User93,user93@example.com,9876543009
1094,User94,user94@example.com,9876543009
1095,User95,user95@example.com,9876543009
1096,User96,user96@example.com,9876543009
1097,User97,user97@example.com,9876543009
1098,User98,user98@example.com,9876543009
1099,User99,user99@example.com,9876543009
1100,User100,user100@example.com,9876543010
1101,User101,user101@example.com,9876543010
1102,User102,user102@example.com,9876543010
1103,User103,user103@example.com,9876543010
1104,User104,user104@example.com,9876543010
1105,User105,user105@example.com,9876543010
1106,User106,user106@example.com,9876543010
1107,User107,user107@example.com,9876543010
1108,User108,user108@example.com,9876543010
1109,User109,user109@example.com,9876543010
1110,User110,user110@example.com,9876543011
1111,User111,user111@example.com,9876543011
1112,User112,user112@example.com,9876543011
1113,User113,user113@example.com,9876543011
1114,User114,user114@example.com,9876543011
1115,User115,user115@example.com,9876543011
1116,User116,user116@example.com,9876543011
1117,User117,user117@example.com,9876543011
1118,User118,user118@example.com,9876543011
1119,User119,user119@example.com,9876543011
1120,User120,user120@example.com,9876543012
1121,User121,user121@example.com,9876543012
1122,User122,user122@example.com,9876543012
1123,User123,user123@example.com,9876543012
1124,User124,user124@example.com,9876543012
1125,User125,user125@example.com,9876543012
1126,User126,user126@example.com,9876543012
1127,User127,user127@example.com,9876543012
1128,User128,user128@example.com,9876543012
1129,User129,user129@example.com,9876543012
1130,User130,user130@example.com,9876543013
1131,User131,user131@example.com,9876543013
1132,User132,user132@example.com,9876543013
1133,User133,user133@example.com,9876543013
1134,User134,user134@example.com,9876543013
1135,User135,user135@example.com,9876543013
1136,User136,user136@example.com,9876543013
1137,User137,user137@example.com,9876543013
1138,User138,user138@example.com,9876543013
1139,User139,user139@example.com,9876543013
1140,User140,user140@example.com,9876543014
1141,User141,user141@example.com,9876543014
1142,User142,user142@example.com,9876543014
1143,User143,user143@example.com,9876543014
1144,User144,user144@example.com,9876543014
1145,User145,user145@example.com,9876543014
1146,User146,user146@example.com,9876543014
1147,User147,user147@example.com,9876543014
1148,User148,user148@example.com,9876543014
1149,User149,user149@example.com,9876543014
1150,User150,user150@example.com,9876543015
1151,User151,user151@example.com,9876543015
1152,User152,user152@example.com,9876543015
1153,User153,user153@example.com,9876543015
1154,User154,user154@example.com,9876543015
1155,User155,user155@example.com,9876543015
1156,User156,user156@example.com,9876543015
1157,User157,user157@example.com,9876543015
1158,User158,user158@example.com,9876543015
1159,User159,user159@example.com,9876543015
1160,User160,user160@example.com,9876543016
1161,User161,user161@example.com,9876543016
1162,User162,user162@example.com,9876543016
1163,User163,user163@example.com,9876543016
1164,User164,user164@example.com,9876543016
1165,User165,user165@example.com,9876543016
1166,User166,user166@example.com,9876543016
1167,User167,user167@example.com,9876543016
1168,User168,user168@example.com,9876543016
1169,User169,user169@example.com,9876543016
1170,User170,user170@example.com,9876543017
1171,User171,user171@example.com,9876543017
1172,User172,user172@example.com,9876543017
1173,User173,user173@example.com,9876543017
1174,User174,user174@example.com,9876543017
1175,User175,user175@example.com,9876543017
1176,User176,user176@example.com,9876543017
1177,User177,user177@example.com,9876543017
1178,User178,user178@example.com,9876543017
1179,User179,user179@example.com,9876543017
1180,User180,user180@example.com,9876543018
1181,User181,user181@example.com,9876543018
1182,User182,user182@example.com,9876543018
1183,User183,user183@example.com,9876543018
1184,User184,user184@example.com,9876543018
1185,User185,user185@example.com,9876543018
1186,User186,user186@example.com,9876543018
1187,User187,user187@example.com,9876543018
1188,User188,user188@example.com,9876543018
1189,User189,user189@example.com,9876543018
1190,User190,user190@example.com,9876543019
1191,User191,user191@example.com,9876543019
1192,User192,user192@example.com,9876543019
1193,User193,user193@example.com,9876543019
1194,User194,user194@example.com,9876543019
1195,User195,user195@example.com,9876543019
1196,User196,user196@example.com,9876543019
1197,User197,user197@example.com,9876543019
1198,User198,user198@example.com,9876543019
1199,User199,user199@example.com,9876543019
1200,User200,user200@example.com,9876543020
1201,User201,user201@example.com,9876543020
1202,User202,user202@example.com,9876543020
1203,User203,user203@example.com,9876543020
1204,User204,user204@example.com,9876543020
1205,User205,user205@example.com,9876543020
1206,User206,user206@example.com,9876543020
1207,User207,user207@example.com,9876543020
1208,User208,user208@example.com,9876543020
1209,User209,user209@example.com,9876543020
1210,User210,user210@example.com,9876543021
1211,User211,user211@example.com,9876543021
1212,User212,user212@example.com,9876543021
1213,User213,user213@example.com,9876543021
1214,User214,user214@example.com,9876543021
1215,User215,user215@example.com,9876543021
1216,User216,user216@example.com,9876543021
1217,User217,user217@example.com,9876543021
1218,User218,user218@example.com,9876543021
1219,User219,user219@example.com,9876543021
1220,User220,user220@example.com,9876543022
1221,User221,user221@example.com,9876543022
1222,User222,user222@example.com,9876543022
1223,User223,user223@example.com,9876543022
1224,User224,user224@example.com,9876543022
1225,User225,user225@example.com,9876543022
1226,User226,user226@example.com,9876543022
1227,User227,user227@example.com,9876543022
1228,User228,user228@example.com,9876543022
1229,User229,user229@example.com,9876543022
1230,User230,user230@example.com,9876543023
1231,User231,user231@example.com,9876543023
1232,User232,user232@example.com,9876543023
1233,User233,user233@example.com,9876543023
1234,User234,user234@example.com,9876543023
1235,User235,user235@example.com,9876543023
1236,User236,user236@example.com,9876543023
1237,User237,user237@example.com,9876543023
1238,User238,user238@example.com,9876543023
1239,User239,user239@example.com,9876543023
1240,User240,user240@example.com,9876543024
1241,User241,user241@example.com,9876543024
1242,User242,user242@example.com,9876543024
1243,User243,user243@example.com,9876543024
1244,User244,user244@example.com,9876543024
1245,User245,user245@example.com,9876543024
1246,User246,user246@example.com,9876543024
1247,User247,user247@example.com,9876543024
1248,User248,user248@example.com,9876543024
1249,User249,user249@example.com,9876543024
1250,User250,user250@example.com,9876543025
